{
  "current_therapy_boost": 0.20,
  "description": "Goal 1: All at drug level (comorbidities, allergies, insurance). Each drug has class, clinical rules, allergy_labels, cost, tier, base_access_score; class data merged into drug at load.",
  "classes": {
    "Metformin": {
      "cost": "low",
      "tier": 1,
      "va_pdf_exists": true,
      "pa_required": false,
      "base_access_score": 0.75,
      "allergy_labels": ["Metformin", "Contrast Dye"]
    },
    "SGLT2": {
      "cost": "medium",
      "tier": 2,
      "va_pdf_exists": true,
      "pa_required": false,
      "base_access_score": 0.70,
      "allergy_labels": ["SGLT-2 Inhibitors", "SGLT2 Inhibitors"]
    },
    "GLP1": {
      "cost": "high",
      "tier": 3,
      "va_pdf_exists": true,
      "pa_required": false,
      "base_access_score": 0.60,
      "allergy_labels": ["GLP-1 Agonists", "GLP1 Agonists"]
    },
    "TZD": {
      "cost": "low",
      "tier": 1,
      "va_pdf_exists": true,
      "pa_required": false,
      "base_access_score": 0.60,
      "allergy_labels": ["TZDs", "Pioglitazone"]
    },
    "DPP4": {
      "cost": "medium",
      "tier": 2,
      "va_pdf_exists": true,
      "pa_required": false,
      "base_access_score": 0.55,
      "allergy_labels": ["DPP-4 Inhibitors", "DPP4 Inhibitors", "DPP-IV"]
    },
    "Sulfonylurea": {
      "cost": "low",
      "tier": 1,
      "va_pdf_exists": true,
      "pa_required": false,
      "base_access_score": 0.60,
      "allergy_labels": ["Sulfonylureas", "Sulfonylurea"]
    },
    "Basal Insulin": {
      "cost": "medium",
      "tier": 2,
      "va_pdf_exists": true,
      "pa_required": false,
      "base_access_score": 0.75,
      "allergy_labels": ["Insulin", "Basal Insulin"]
    },
    "Bolus Insulin": {
      "cost": "medium",
      "tier": 2,
      "va_pdf_exists": true,
      "pa_required": false,
      "base_access_score": 0.65,
      "allergy_labels": ["Insulin", "Bolus Insulin"]
    },
    "No Change": {
      "cost": "low",
      "tier": 1,
      "va_pdf_exists": false,
      "pa_required": false,
      "base_access_score": 1.0,
      "allergy_labels": []
    }
  },
  "drugs": {
    "No Change": {
      "class": "No Change",
      "drug_in_class_bonus": 0,
      "clinical_base": 1.0,
      "caution_if": [
        { "rule": { "field": "fasting_above_goal", "op": "ge", "value": 10 }, "penalty": 0.5 },
        { "rule": { "field": "post_prandial_above_goal", "op": "ge", "value": 10 }, "penalty": 0.5 }
      ]
    },
    "Metformin": {
      "class": "Metformin",
      "drug_in_class_bonus": 0,
      "clinical_base": 0.70,
      "deny_if": [
        { "field": "eGFR", "op": "lt", "value": 30 },
        { "field": "comorbidity", "op": "in", "value": "Dialysis" },
        { "field": "comorbidity", "op": "in", "value": "Hypersensitivity" }
      ],
      "caution_if": [
        { "rule": { "and": [{ "field": "eGFR", "op": "ge", "value": 30 }, { "field": "eGFR", "op": "lt", "value": 45 }] }, "penalty": 0.05 }
      ],
      "clinical_boost": [
        { "rule": { "field": "a1c", "op": "gt", "value": 8.0 }, "add": 0.12 },
        { "rule": { "field": "comorbidity", "op": "in", "value": "Obesity (BMI > 40)" }, "add": 0.05 }
      ]
    },
    "Empagliflozin": {
      "class": "SGLT2",
      "allergy_labels": ["Empagliflozin (Jardiance)"],
      "clinical_base": 0.65,
      "deny_if": [
        { "field": "comorbidity", "op": "in", "value": "Dialysis" },
        { "field": "comorbidity", "op": "in", "value": "Pregnant" },
        { "field": "comorbidity", "op": "in", "value": "Type 1 Diabetes" },
        { "field": "comorbidity", "op": "in", "value": "Severe Genital Infections" },
        { "field": "eGFR", "op": "lt", "value": 20 },
        { "field": "comorbidity", "op": "in", "value": "DKA History" },
        { "field": "a1c", "op": "ge", "value": 10.0 }
      ],
      "caution_if": [
        { "rule": { "and": [{ "field": "eGFR", "op": "ge", "value": 25 }, { "field": "eGFR", "op": "lt", "value": 30 }] }, "penalty": 0.05 },
        { "rule": { "field": "a1c", "op": "ge", "value": 9.0 }, "penalty": 0.20 },
        { "rule": { "field": "allergy", "op": "in", "value": ["SGLT-2 Inhibitors", "SGLT2 Inhibitors"] }, "penalty": 0.20 }
      ],
      "clinical_boost": [
        { "rule": { "field": "comorbidity", "op": "in", "value": "Heart Failure (CHF)" }, "add": 0.20 },
        { "rule": { "field": "comorbidity", "op": "in", "value": "ASCVD" }, "add": 0.10 },
        { "rule": { "field": "comorbidity", "op": "in", "value": "CKD" }, "add": 0.12 },
        { "rule": { "field": "comorbidity", "op": "in", "value": "Obesity (BMI > 40)" }, "add": 0.05 }
      ]
    },
    "Dapagliflozin": {
      "class": "SGLT2",
      "allergy_labels": ["Dapagliflozin (Farxiga)"],
      "drug_in_class_bonus": 0.001,
      "clinical_base": 0.65,
      "deny_if": [
        { "field": "comorbidity", "op": "in", "value": "Dialysis" },
        { "field": "comorbidity", "op": "in", "value": "Pregnant" },
        { "field": "comorbidity", "op": "in", "value": "Type 1 Diabetes" },
        { "field": "comorbidity", "op": "in", "value": "Severe Genital Infections" },
        { "field": "eGFR", "op": "lt", "value": 25 },
        { "field": "comorbidity", "op": "in", "value": "DKA History" },
        { "field": "a1c", "op": "ge", "value": 10.0 }
      ],
      "caution_if": [
        { "rule": { "and": [{ "field": "eGFR", "op": "ge", "value": 25 }, { "field": "eGFR", "op": "lt", "value": 30 }] }, "penalty": 0.05 },
        { "rule": { "field": "a1c", "op": "ge", "value": 9.0 }, "penalty": 0.20 },
        { "rule": { "field": "allergy", "op": "in", "value": ["SGLT-2 Inhibitors", "SGLT2 Inhibitors"] }, "penalty": 0.20 }
      ],
      "clinical_boost": [
        { "rule": { "field": "comorbidity", "op": "in", "value": "Heart Failure (CHF)" }, "add": 0.20 },
        { "rule": { "field": "comorbidity", "op": "in", "value": "ASCVD" }, "add": 0.10 },
        { "rule": { "field": "comorbidity", "op": "in", "value": "CKD" }, "add": 0.12 },
        { "rule": { "field": "comorbidity", "op": "in", "value": "Obesity (BMI > 40)" }, "add": 0.05 }
      ]
    },
    "Canagliflozin": {
      "class": "SGLT2",
      "allergy_labels": ["Canagliflozin (Invokana)"],
      "clinical_base": 0.65,
      "deny_if": [
        { "field": "comorbidity", "op": "in", "value": "Dialysis" },
        { "field": "comorbidity", "op": "in", "value": "Pregnant" },
        { "field": "comorbidity", "op": "in", "value": "Type 1 Diabetes" },
        { "field": "comorbidity", "op": "in", "value": "Severe Genital Infections" },
        { "field": "eGFR", "op": "lt", "value": 30 },
        { "field": "comorbidity", "op": "in", "value": "DKA History" },
        { "field": "a1c", "op": "ge", "value": 10.0 }
      ],
      "caution_if": [
        { "rule": { "and": [{ "field": "eGFR", "op": "ge", "value": 25 }, { "field": "eGFR", "op": "lt", "value": 30 }] }, "penalty": 0.05 },
        { "rule": { "field": "a1c", "op": "ge", "value": 9.0 }, "penalty": 0.20 },
        { "rule": { "field": "allergy", "op": "in", "value": ["SGLT-2 Inhibitors", "SGLT2 Inhibitors"] }, "penalty": 0.20 }
      ],
      "clinical_boost": [
        { "rule": { "field": "comorbidity", "op": "in", "value": "Heart Failure (CHF)" }, "add": 0.20 },
        { "rule": { "field": "comorbidity", "op": "in", "value": "ASCVD" }, "add": 0.10 },
        { "rule": { "field": "comorbidity", "op": "in", "value": "CKD" }, "add": 0.12 },
        { "rule": { "field": "comorbidity", "op": "in", "value": "Obesity (BMI > 40)" }, "add": 0.05 }
      ]
    },
    "Bexagliflozin": {
      "class": "SGLT2",
      "allergy_labels": ["Bexagliflozin (Brenzavy)"],
      "drug_in_class_bonus": -0.01,
      "clinical_base": 0.65,
      "deny_if": [
        { "field": "comorbidity", "op": "in", "value": "Dialysis" },
        { "field": "comorbidity", "op": "in", "value": "Pregnant" },
        { "field": "comorbidity", "op": "in", "value": "Type 1 Diabetes" },
        { "field": "comorbidity", "op": "in", "value": "Severe Genital Infections" },
        { "field": "eGFR", "op": "lt", "value": 30 },
        { "field": "comorbidity", "op": "in", "value": "DKA History" },
        { "field": "a1c", "op": "ge", "value": 10.0 }
      ],
      "caution_if": [
        { "rule": { "and": [{ "field": "eGFR", "op": "ge", "value": 25 }, { "field": "eGFR", "op": "lt", "value": 30 }] }, "penalty": 0.05 },
        { "rule": { "field": "a1c", "op": "ge", "value": 9.0 }, "penalty": 0.20 },
        { "rule": { "field": "allergy", "op": "in", "value": ["SGLT-2 Inhibitors", "SGLT2 Inhibitors"] }, "penalty": 0.20 }
      ],
      "clinical_boost": [
        { "rule": { "field": "comorbidity", "op": "in", "value": "Heart Failure (CHF)" }, "add": 0.20 },
        { "rule": { "field": "comorbidity", "op": "in", "value": "ASCVD" }, "add": 0.10 },
        { "rule": { "field": "comorbidity", "op": "in", "value": "CKD" }, "add": 0.12 },
        { "rule": { "field": "comorbidity", "op": "in", "value": "Obesity (BMI > 40)" }, "add": 0.05 }
      ]
    },
    "Ertugliflozin": {
      "class": "SGLT2",
      "allergy_labels": ["Ertugliflozin (Steglatro)"],
      "clinical_base": 0.65,
      "deny_if": [
        { "field": "comorbidity", "op": "in", "value": "Dialysis" },
        { "field": "comorbidity", "op": "in", "value": "Pregnant" },
        { "field": "comorbidity", "op": "in", "value": "Type 1 Diabetes" },
        { "field": "comorbidity", "op": "in", "value": "Severe Genital Infections" },
        { "field": "eGFR", "op": "lt", "value": 45 },
        { "field": "comorbidity", "op": "in", "value": "DKA History" },
        { "field": "a1c", "op": "ge", "value": 10.0 }
      ],
      "caution_if": [
        { "rule": { "and": [{ "field": "eGFR", "op": "ge", "value": 25 }, { "field": "eGFR", "op": "lt", "value": 30 }] }, "penalty": 0.05 },
        { "rule": { "field": "a1c", "op": "ge", "value": 9.0 }, "penalty": 0.20 },
        { "rule": { "field": "allergy", "op": "in", "value": ["SGLT-2 Inhibitors", "SGLT2 Inhibitors"] }, "penalty": 0.20 }
      ],
      "clinical_boost": [
        { "rule": { "field": "comorbidity", "op": "in", "value": "Heart Failure (CHF)" }, "add": 0.20 },
        { "rule": { "field": "comorbidity", "op": "in", "value": "ASCVD" }, "add": 0.10 },
        { "rule": { "field": "comorbidity", "op": "in", "value": "CKD" }, "add": 0.12 },
        { "rule": { "field": "comorbidity", "op": "in", "value": "Obesity (BMI > 40)" }, "add": 0.05 }
      ]
    },
    "Semaglutide": {
      "class": "GLP1",
      "allergy_labels": ["Semaglutide (Ozempic)"],
      "drug_in_class_bonus": 0.002,
      "display_name": "Ozempic",
      "clinical_base": 0.65,
      "deny_if": [
        { "field": "comorbidity", "op": "in", "value": "MEN2" },
        { "field": "comorbidity", "op": "in", "value": "MTC" },
        { "field": "comorbidity", "op": "in", "value": "MEN2/MTC or Family History" },
        { "field": "comorbidity", "op": "in", "value": "Gastroparesis" },
        { "field": "comorbidity", "op": "in", "value": "Acute Pancreatitis" },
        { "field": "comorbidity", "op": "in", "value": "History of Pancreatitis" },
        { "field": "comorbidity", "op": "in", "value": "Pregnant" },
        { "field": "comorbidity", "op": "in", "value": "Moderate to severe GI issues" }
      ],
      "caution_if": [
        { "rule": { "field": "comorbidity", "op": "in", "value": "Mild GI Issues" }, "penalty": 0.10 },
        { "rule": { "field": "comorbidity", "op": "in", "value": "No active diabetes therapy" }, "penalty": 0.20 },
        { "rule": { "field": "allergy", "op": "in", "value": ["GLP-1 Agonists", "GLP1 Agonists"] }, "penalty": 0.20 }
      ],
      "clinical_boost": [
        { "rule": { "field": "comorbidity", "op": "in", "value": "ASCVD" }, "add": 0.12 },
        { "rule": { "field": "comorbidity", "op": "in", "value": "Obesity (BMI > 40)" }, "add": 0.20 },
        { "rule": { "field": "a1c", "op": "ge", "value": 9 }, "add": 0.15 }
      ]
    },
    "Dulaglutide": {
      "class": "GLP1",
      "allergy_labels": ["Dulaglutide (Trulicity)"],
      "clinical_base": 0.65,
      "deny_if": [
        { "field": "comorbidity", "op": "in", "value": "MEN2" },
        { "field": "comorbidity", "op": "in", "value": "MTC" },
        { "field": "comorbidity", "op": "in", "value": "MEN2/MTC or Family History" },
        { "field": "comorbidity", "op": "in", "value": "Gastroparesis" },
        { "field": "comorbidity", "op": "in", "value": "Acute Pancreatitis" },
        { "field": "comorbidity", "op": "in", "value": "History of Pancreatitis" },
        { "field": "comorbidity", "op": "in", "value": "Pregnant" },
        { "field": "comorbidity", "op": "in", "value": "Moderate to severe GI issues" }
      ],
      "caution_if": [
        { "rule": { "field": "comorbidity", "op": "in", "value": "Mild GI Issues" }, "penalty": 0.10 },
        { "rule": { "field": "comorbidity", "op": "in", "value": "No active diabetes therapy" }, "penalty": 0.20 },
        { "rule": { "field": "allergy", "op": "in", "value": ["GLP-1 Agonists", "GLP1 Agonists"] }, "penalty": 0.20 }
      ],
      "clinical_boost": [
        { "rule": { "field": "comorbidity", "op": "in", "value": "ASCVD" }, "add": 0.12 },
        { "rule": { "field": "comorbidity", "op": "in", "value": "Obesity (BMI > 40)" }, "add": 0.20 }
      ]
    },
    "Tirzepatide": {
      "class": "GLP1",
      "allergy_labels": ["Tirzepatide (Mounjaro)"],
      "drug_in_class_bonus": 0,
      "clinical_base": 0.65,
      "deny_if": [
        { "field": "comorbidity", "op": "in", "value": "MEN2" },
        { "field": "comorbidity", "op": "in", "value": "MTC" },
        { "field": "comorbidity", "op": "in", "value": "MEN2/MTC or Family History" },
        { "field": "comorbidity", "op": "in", "value": "Gastroparesis" },
        { "field": "comorbidity", "op": "in", "value": "Acute Pancreatitis" },
        { "field": "comorbidity", "op": "in", "value": "History of Pancreatitis" },
        { "field": "comorbidity", "op": "in", "value": "Pregnant" },
        { "field": "comorbidity", "op": "in", "value": "Moderate to severe GI issues" }
      ],
      "caution_if": [
        { "rule": { "field": "comorbidity", "op": "in", "value": "Mild GI Issues" }, "penalty": 0.10 },
        { "rule": { "field": "comorbidity", "op": "in", "value": "No active diabetes therapy" }, "penalty": 0.20 },
        { "rule": { "field": "allergy", "op": "in", "value": ["GLP-1 Agonists", "GLP1 Agonists"] }, "penalty": 0.20 }
      ],
      "clinical_boost": [
        { "rule": { "field": "comorbidity", "op": "in", "value": "ASCVD" }, "add": 0.12 },
        { "rule": { "field": "comorbidity", "op": "in", "value": "Obesity (BMI > 40)" }, "add": 0.20 },
        { "rule": { "field": "a1c", "op": "ge", "value": 9 }, "add": 0.20 }
      ]
    },
    "Exenatide": {
      "class": "GLP1",
      "clinical_base": 0.65,
      "deny_if": [
        { "field": "comorbidity", "op": "in", "value": "MEN2" },
        { "field": "comorbidity", "op": "in", "value": "MTC" },
        { "field": "comorbidity", "op": "in", "value": "MEN2/MTC or Family History" },
        { "field": "comorbidity", "op": "in", "value": "Gastroparesis" },
        { "field": "comorbidity", "op": "in", "value": "Acute Pancreatitis" },
        { "field": "comorbidity", "op": "in", "value": "History of Pancreatitis" },
        { "field": "comorbidity", "op": "in", "value": "Pregnant" },
        { "field": "comorbidity", "op": "in", "value": "Moderate to severe GI issues" }
      ],
      "caution_if": [
        { "rule": { "field": "comorbidity", "op": "in", "value": "Mild GI Issues" }, "penalty": 0.10 },
        { "rule": { "field": "comorbidity", "op": "in", "value": "No active diabetes therapy" }, "penalty": 0.20 },
        { "rule": { "field": "allergy", "op": "in", "value": ["GLP-1 Agonists", "GLP1 Agonists"] }, "penalty": 0.20 }
      ],
      "clinical_boost": [
        { "rule": { "field": "comorbidity", "op": "in", "value": "ASCVD" }, "add": 0.12 },
        { "rule": { "field": "comorbidity", "op": "in", "value": "Obesity (BMI > 40)" }, "add": 0.20 }
      ]
    },
    "Exenatide ER": {
      "class": "GLP1",
      "drug_in_class_bonus": 0,
      "clinical_base": 0.65,
      "deny_if": [
        { "field": "comorbidity", "op": "in", "value": "MEN2" },
        { "field": "comorbidity", "op": "in", "value": "MTC" },
        { "field": "comorbidity", "op": "in", "value": "MEN2/MTC or Family History" },
        { "field": "comorbidity", "op": "in", "value": "Gastroparesis" },
        { "field": "comorbidity", "op": "in", "value": "Acute Pancreatitis" },
        { "field": "comorbidity", "op": "in", "value": "History of Pancreatitis" },
        { "field": "comorbidity", "op": "in", "value": "Pregnant" },
        { "field": "comorbidity", "op": "in", "value": "Moderate to severe GI issues" }
      ],
      "caution_if": [
        { "rule": { "field": "comorbidity", "op": "in", "value": "Mild GI Issues" }, "penalty": 0.10 },
        { "rule": { "field": "comorbidity", "op": "in", "value": "No active diabetes therapy" }, "penalty": 0.20 },
        { "rule": { "field": "allergy", "op": "in", "value": ["GLP-1 Agonists", "GLP1 Agonists"] }, "penalty": 0.20 }
      ],
      "clinical_boost": [
        { "rule": { "field": "comorbidity", "op": "in", "value": "ASCVD" }, "add": 0.12 },
        { "rule": { "field": "comorbidity", "op": "in", "value": "Obesity (BMI > 40)" }, "add": 0.20 },
        { "rule": { "field": "a1c", "op": "ge", "value": 9 }, "add": 0.15 }
      ]
    },
    "Liraglutide": {
      "class": "GLP1",
      "clinical_base": 0.65,
      "deny_if": [
        { "field": "comorbidity", "op": "in", "value": "MEN2" },
        { "field": "comorbidity", "op": "in", "value": "MTC" },
        { "field": "comorbidity", "op": "in", "value": "MEN2/MTC or Family History" },
        { "field": "comorbidity", "op": "in", "value": "Gastroparesis" },
        { "field": "comorbidity", "op": "in", "value": "Acute Pancreatitis" },
        { "field": "comorbidity", "op": "in", "value": "History of Pancreatitis" },
        { "field": "comorbidity", "op": "in", "value": "Pregnant" },
        { "field": "comorbidity", "op": "in", "value": "Moderate to severe GI issues" }
      ],
      "caution_if": [
        { "rule": { "field": "comorbidity", "op": "in", "value": "Mild GI Issues" }, "penalty": 0.10 },
        { "rule": { "field": "comorbidity", "op": "in", "value": "No active diabetes therapy" }, "penalty": 0.20 },
        { "rule": { "field": "allergy", "op": "in", "value": ["GLP-1 Agonists", "GLP1 Agonists"] }, "penalty": 0.20 }
      ],
      "clinical_boost": [
        { "rule": { "field": "comorbidity", "op": "in", "value": "ASCVD" }, "add": 0.12 },
        { "rule": { "field": "comorbidity", "op": "in", "value": "Obesity (BMI > 40)" }, "add": 0.20 }
      ]
    },
    "Semaglutide Oral": {
      "class": "GLP1",
      "allergy_labels": ["Semaglutide (Rybelsus)"],
      "drug_in_class_bonus": 0,
      "display_name": "Rybelsus",
      "clinical_base": 0.65,
      "deny_if": [
        { "field": "comorbidity", "op": "in", "value": "MEN2" },
        { "field": "comorbidity", "op": "in", "value": "MTC" },
        { "field": "comorbidity", "op": "in", "value": "MEN2/MTC or Family History" },
        { "field": "comorbidity", "op": "in", "value": "Gastroparesis" },
        { "field": "comorbidity", "op": "in", "value": "Acute Pancreatitis" },
        { "field": "comorbidity", "op": "in", "value": "History of Pancreatitis" },
        { "field": "comorbidity", "op": "in", "value": "Pregnant" },
        { "field": "comorbidity", "op": "in", "value": "Moderate to severe GI issues" }
      ],
      "caution_if": [
        { "rule": { "field": "comorbidity", "op": "in", "value": "Mild GI Issues" }, "penalty": 0.10 },
        { "rule": { "field": "comorbidity", "op": "in", "value": "No active diabetes therapy" }, "penalty": 0.20 },
        { "rule": { "field": "allergy", "op": "in", "value": ["GLP-1 Agonists", "GLP1 Agonists"] }, "penalty": 0.20 }
      ],
      "clinical_boost": [
        { "rule": { "field": "comorbidity", "op": "in", "value": "ASCVD" }, "add": 0.12 },
        { "rule": { "field": "comorbidity", "op": "in", "value": "Obesity (BMI > 40)" }, "add": 0.20 },
        { "rule": { "field": "a1c", "op": "ge", "value": 9 }, "add": 0.15 }
      ]
    },
    "Pioglitazone": {
      "class": "TZD",
      "clinical_base": 0.50,
      "deny_if": [
        { "field": "comorbidity", "op": "in", "value": "Heart Failure (CHF)" },
        { "field": "comorbidity", "op": "in", "value": "Active Bladder Cancer" }
      ],
      "caution_if": [
        { "rule": { "field": "comorbidity", "op": "in", "value": "Obesity (BMI > 40)" }, "penalty": 0.05 },
        { "rule": { "field": "age", "op": "lt", "value": 65 }, "penalty": 0.05 }
      ]
    },
    "Sitagliptin": {
      "class": "DPP4",
      "drug_in_class_bonus": 0.002,
      "clinical_base": 0.55,
      "deny_if": [
        { "field": "comorbidity", "op": "in", "value": "Acute Pancreatitis" },
        { "field": "comorbidity", "op": "in", "value": "Heart Failure (CHF)" }
      ],
      "caution_if": [
        { "rule": { "field": "comorbidity", "op": "in", "value": "History of Pancreatitis" }, "penalty": 0.10 }
      ]
    },
    "Saxagliptin": {
      "class": "DPP4",
      "clinical_base": 0.55,
      "deny_if": [
        { "field": "comorbidity", "op": "in", "value": "Acute Pancreatitis" },
        { "field": "comorbidity", "op": "in", "value": "Heart Failure (CHF)" }
      ],
      "caution_if": [
        { "rule": { "field": "comorbidity", "op": "in", "value": "History of Pancreatitis" }, "penalty": 0.10 }
      ]
    },
    "Linagliptin": {
      "class": "DPP4",
      "drug_in_class_bonus": 0,
      "clinical_base": 0.55,
      "deny_if": [
        { "field": "comorbidity", "op": "in", "value": "Acute Pancreatitis" }
      ],
      "caution_if": [
        { "rule": { "field": "comorbidity", "op": "in", "value": "History of Pancreatitis" }, "penalty": 0.10 }
      ]
    },
    "Alogliptin": {
      "class": "DPP4",
      "clinical_base": 0.55,
      "deny_if": [
        { "field": "comorbidity", "op": "in", "value": "Acute Pancreatitis" },
        { "field": "comorbidity", "op": "in", "value": "Heart Failure (CHF)" }
      ],
      "caution_if": [
        { "rule": { "field": "comorbidity", "op": "in", "value": "History of Pancreatitis" }, "penalty": 0.10 }
      ]
    },
    "Glipizide": {
      "class": "Sulfonylurea",
      "drug_in_class_bonus": 0.001,
      "clinical_base": 0.50,
      "deny_if": [
        { "field": "comorbidity", "op": "in", "value": "Frequent Hypoglycemia" },
        { "field": "comorbidity", "op": "in", "value": "Elderly with High Fall Risk" }
      ],
      "caution_if": [
        { "rule": { "field": "age", "op": "ge", "value": 65 }, "penalty": 0.05 },
        { "rule": { "field": "comorbidity", "op": "in", "value": "Obesity (BMI > 40)" }, "penalty": 0.05 }
      ],
      "clinical_boost": [
        { "rule": { "field": "a1c", "op": "gt", "value": 8.0 }, "add": 0.10 }
      ]
    },
    "Glimepiride": {
      "class": "Sulfonylurea",
      "clinical_base": 0.50,
      "deny_if": [
        { "field": "comorbidity", "op": "in", "value": "Frequent Hypoglycemia" },
        { "field": "comorbidity", "op": "in", "value": "Elderly with High Fall Risk" }
      ],
      "caution_if": [
        { "rule": { "field": "age", "op": "ge", "value": 65 }, "penalty": 0.05 },
        { "rule": { "field": "comorbidity", "op": "in", "value": "Obesity (BMI > 40)" }, "penalty": 0.05 }
      ],
      "clinical_boost": [
        { "rule": { "field": "a1c", "op": "gt", "value": 8.0 }, "add": 0.10 }
      ]
    },
    "Glyburide": {
      "class": "Sulfonylurea",
      "drug_in_class_bonus": 0,
      "clinical_base": 0.50,
      "deny_if": [
        { "field": "comorbidity", "op": "in", "value": "Frequent Hypoglycemia" },
        { "field": "comorbidity", "op": "in", "value": "Elderly with High Fall Risk" }
      ],
      "caution_if": [
        { "rule": { "field": "age", "op": "ge", "value": 65 }, "penalty": 0.05 },
        { "rule": { "field": "comorbidity", "op": "in", "value": "Obesity (BMI > 40)" }, "penalty": 0.05 }
      ],
      "clinical_boost": [
        { "rule": { "field": "a1c", "op": "gt", "value": 8.0 }, "add": 0.10 }
      ]
    },
    "Basal Insulin": {
      "class": "Basal Insulin",
      "allergy_labels": ["Glargine (Lantus/Basaglar/Toujeo)", "Detemir (Levemir)", "Degludec (Tresiba)", "NPH (Basal principles)"],
      "display_name": "Glargine (Lantus)",
      "clinical_base": 0.60,
      "deny_if": [
        { "and": [
          { "field": "fasting_avg", "op": "lt", "value": 130 },
          { "field": "lows_detected", "op": "ge", "value": 1 }
        ]}
      ],
      "caution_if": [
        { "rule": { "field": "comorbidity", "op": "in", "value": "Obesity (BMI > 40)" }, "penalty": 0.05 },
        { "rule": { "field": "comorbidity", "op": "in", "value": "History of Hypoglycemia" }, "penalty": 0.05 }
      ],
      "clinical_boost": [
        { "rule": { "field": "a1c", "op": "ge", "value": 9.0 }, "add": 0.20 }
      ]
    },
    "Bolus Insulin": {
      "class": "Bolus Insulin",
      "allergy_labels": ["Lispro (Humalog)", "Aspart (Novolog)", "Glulisine (Apidra)"],
      "display_name": "Lispro (Humalog)",
      "drug_in_class_bonus": 0,
      "clinical_base": 0.55,
      "caution_if": [
        { "rule": { "field": "comorbidity", "op": "in", "value": "Obesity (BMI > 40)" }, "penalty": 0.05 },
        { "rule": { "field": "comorbidity", "op": "in", "value": "History of Hypoglycemia" }, "penalty": 0.05 }
      ],
      "clinical_boost": [
        { "rule": { "field": "a1c", "op": "ge", "value": 9.0 }, "add": 0.20 }
      ]
    }
  }
}
