{
  "form_value_by_class": {
    "Metformin": "biguanides",
    "SGLT2": "sglt2",
    "GLP1": "glp1_gip",
    "TZD": "tzd",
    "DPP4": "dppiv",
    "Sulfonylurea": "sulfonylureas",
    "Basal Insulin": "basal_insulin",
    "Bolus Insulin": "bolus_insulin",
    "Pramlintide": "pramlintide"
  },
  "default_medications": {
    "Metformin": { "medication": "Metformin IR", "dose": "1000mg BID" },
    "SGLT2": { "medication": "Empagliflozin (Jardiance)", "dose": "25 mg daily" },
    "GLP1": { "medication": "Semaglutide (Ozempic)", "dose": "0.5mg weekly, titrate to 1mg" },
    "TZD": { "medication": "Pioglitazone (Actos)", "dose": "30mg daily" },
    "DPP4": { "medication": "Sitagliptin (Januvia)", "dose": "100mg daily" },
    "Sulfonylurea": { "medication": "Glipizide (Glucotrol)", "dose": "5mg daily" },
    "Basal Insulin": { "medication": "Glargine (Lantus)", "dose": "10 units at bedtime" },
    "Bolus Insulin": { "medication": "Lispro (Humalog)", "dose": "4-6 units with meals" },
    "Pramlintide": { "medication": "Pramlintide (Symlin)", "dose": "15mcg before meals" },
    "No Change": { "medication": "No medication change", "dose": "Continue current therapy" }
  },
  "starting_dose_by_class": {
    "Metformin": {
      "eGFR_geq_45": "500 mg daily week 1, then 1000 mg daily; max 2000 mg daily (titrate per protocol)",
      "eGFR_30_45": "Max 1000 mg daily (eGFR 30-45); 500 mg BID",
      "default": "Consult dosing guidelines"
    },
    "SGLT2": {
      "eGFR_geq_20": "25 mg daily",
      "default": "Consult dosing guidelines",
      "drug_order_by_min_eGFR": ["Empagliflozin", "Dapagliflozin", "Canagliflozin", "Bexagliflozin", "Ertugliflozin"],
      "by_drug": {
        "Empagliflozin": { "medication": "Empagliflozin (Jardiance)", "min_eGFR": 20, "eGFR_geq_20": "25 mg daily", "default": "Consult dosing guidelines (eGFR <20 not recommended)" },
        "Dapagliflozin": { "medication": "Dapagliflozin (Farxiga)", "min_eGFR": 25, "eGFR_geq_25": "10 mg daily", "default": "Consult dosing guidelines (eGFR <25 not recommended)" },
        "Ertugliflozin": { "medication": "Ertugliflozin (Steglatro)", "min_eGFR": 45, "eGFR_geq_45": "15 mg daily", "default": "Consult dosing guidelines (eGFR <45 not recommended)" },
        "Canagliflozin": { "medication": "Canagliflozin (Invokana)", "min_eGFR": 30, "eGFR_geq_60": "300 mg daily", "eGFR_30_59": "100 mg daily (eGFR 30-59)", "default": "Consult dosing guidelines (eGFR <30 not recommended)" },
        "Bexagliflozin": { "medication": "Bexagliflozin (Brenzavvy)", "min_eGFR": 30, "eGFR_geq_30": "20 mg daily", "default": "Consult dosing guidelines (eGFR <30 not recommended)" }
      }
    },
    "DPP4": {
      "eGFR_geq_45": "100 mg daily",
      "eGFR_30_44": "50 mg daily (eGFR 30-44)",
      "eGFR_lt_30": "25 mg daily (eGFR <30)",
      "default": "Consult dosing guidelines",
      "by_drug": {
        "Sitagliptin": { "medication": "Sitagliptin (Januvia)", "eGFR_geq_45": "100 mg daily", "eGFR_30_44": "50 mg daily (eGFR 30-44)", "eGFR_lt_30": "25 mg daily (eGFR <30)", "default": "Consult dosing guidelines" },
        "Saxagliptin": { "medication": "Saxagliptin (Onglyza)", "eGFR_geq_45": "5 mg daily", "eGFR_lt_45": "2.5 mg daily (eGFR <45)", "default": "2.5 mg daily (eGFR <45)" },
        "Linagliptin": { "medication": "Linagliptin (Tradjenta)", "default": "5 mg daily" },
        "Alogliptin": { "medication": "Alogliptin (Nesina)", "eGFR_geq_60": "25 mg daily", "eGFR_30_59": "12.5 mg daily (eGFR 30-59)", "eGFR_lt_30": "6.25 mg daily (eGFR <30)", "default": "Consult dosing guidelines" }
      }
    },
    "GLP1": {
      "default": "0.25 mg weekly x4 weeks, then titrate to 0.5–1 mg weekly (max 2 mg weekly)",
      "by_drug": {
        "Semaglutide": { "medication": "Semaglutide (Ozempic)", "default": "0.25 mg weekly x4 weeks; then 0.5, 1, or 2 mg weekly (titrate every 4 weeks)" },
        "Dulaglutide": { "medication": "Dulaglutide (Trulicity)", "default": "0.75 mg weekly x4 weeks; then 1.5, 3, or 4.5 mg weekly (titrate every 4 weeks)" },
        "Tirzepatide": { "medication": "Tirzepatide (Mounjaro)", "default": "2.5 mg weekly x4 weeks; then 5–15 mg weekly (titrate every 4 weeks)" },
        "Exenatide": { "medication": "Exenatide (Byetta)", "default": "5 mcg BID x4 weeks; then 10 mcg BID (titrate every 4 weeks)" },
        "Exenatide ER": { "medication": "Exenatide ER (Bydureon)", "default": "2 mg weekly" },
        "Liraglutide": { "medication": "Liraglutide (Victoza)", "default": "0.6 mg daily x1 week; then 1.2 or 1.8 mg daily (titrate weekly)" },
        "Semaglutide Oral": { "medication": "Semaglutide (Rybelsus)", "default": "3 mg daily without food, 8 oz water; after 30 days 7 mg daily; then 14 mg after 30 days on 7 mg" }
      }
    },
    "Sulfonylurea": {
      "default": "2.5 mg daily; titrate to 5–20 mg daily (BID if >5 mg)",
      "by_drug": {
        "Glipizide": { "medication": "Glipizide IR or SA (Glucotrol)", "default": "2.5 mg daily; titrate to 2.5–20 mg daily (BID if >5 mg)" },
        "Glimepiride": { "medication": "Glimepiride (Amaryl)", "default": "1 mg daily; titrate 1→2→4→8 mg (8 mg as 4 mg BID)" },
        "Glyburide": { "medication": "Glyburide (Diabeta)", "default": "1.25 mg daily; titrate to 2.5–20 mg daily (BID if >5 mg)" }
      }
    },
    "TZD": {
      "default": "15 mg daily; titrate to 30–45 mg every 4–12 weeks (effect at 4–6 weeks)"
    },
    "Basal Insulin": {
      "default": "10 units once daily at bedtime. If fasting blood sugar >150 mg/dL for 3 straight days, increase by 2 units. Max increase 10 units/day.",
      "dose_adjustment_rules": "TDD <20 units: 10 mg/dL lowering = 1 unit, 11–20 = 2, 21–30 = 3, 31–40 = 4, 41+ = 5. TDD 21–40: ≤30 mg/dL to goal = +10%, 31–60 = +15%, 61+ = +20%. TDD 41+: same % but cap +10 units total. If TDD >50 units consider adding GLP-1 or bolus. Unexplained fasting lows: reduce dose by 20%."
    },
    "Bolus Insulin": {
      "default": "4 units 15–20 min before largest meal. If 2-h postprandial >200 mg/dL for 3 days, add 1 unit (up to 8). Max increase 10 units/day.",
      "dose_adjustment_rules": "If 8 units at main meal insufficient: 1 meal/day = 10 units; 2 meals = 5 units each. If 10 units insufficient: 1 meal = 12 units; 2 meals = 6 each; 3 meals = 4 each. If 12–20 units insufficient: add 1–2 units per meal. TDD ≥21: ≤20 mg/dL to goal = +10% total divided by meals (cap +10); 21+ mg/dL = +15%. Unexplained postprandial lows: reduce total by 20%."
    },
    "Pramlintide": {
      "default": "15mcg before meals"
    }
  },
  "description": "Goal 2: Dosing (eGFR-adjusted starting dose + dose increase when on therapy). Dose escalation logic remains in Lambda.",
  "_comment_drug_level": "To add drug-level starting doses: under starting_dose_by_class.<class> add 'by_drug' with keys = drug name (e.g. 'Saxagliptin'). Each drug entry can have 'medication' (display name), eGFR_* keys (eGFR_gt_60, eGFR_30_60, eGFR_lt_30, eGFR_gt_45, eGFR_lte_45, eGFR_geq_20, eGFR_geq_25, etc.), and 'default'. Pass preferredDrugByClass in the request (e.g. {\"DPP4\": \"Saxagliptin\"}) to use that drug's starting dose."
}
