{
  "goal_bands": {
    "lt7": {
      "fasting": { "reduce_below": 80, "ok_min": 80, "ok_max": 120, "increase_at": 121 },
      "post_prandial": { "reduce_below": 100, "ok_min": 100, "ok_max": 180, "increase_at": 181 }
    },
    "lt7_5": {
      "fasting": { "reduce_below": 80, "ok_min": 80, "ok_max": 130, "increase_at": 131 },
      "post_prandial": { "reduce_below": 100, "ok_min": 100, "ok_max": 190, "increase_at": 191 }
    },
    "lt8": {
      "fasting": { "reduce_below": 90, "ok_min": 90, "ok_max": 150, "increase_at": 151 },
      "post_prandial": { "reduce_below": 100, "ok_min": 100, "ok_max": 200, "increase_at": 201 }
    }
  },
  "a1c_to_fasting": {
    "6.5": 120.0, "6.6": 123.3, "6.7": 126.7, "6.8": 130.0, "6.9": 133.3,
    "7.0": 136.7, "7.1": 140.0, "7.2": 143.3, "7.3": 146.7, "7.4": 150.0,
    "7.5": 153.3, "7.6": 156.7, "7.7": 160.0, "7.8": 163.3, "7.9": 166.7,
    "8.0": 170.0, "8.1": 173.3, "8.2": 176.7, "8.3": 180.0, "8.4": 183.3,
    "8.5": 186.7, "8.6": 190.0, "8.7": 193.3, "8.8": 196.7, "8.9": 200.0,
    "9.0": 203.3, "9.1": 206.7, "9.2": 210.0, "9.3": 213.3, "9.4": 216.7,
    "9.5": 220.0, "9.6": 223.3, "9.7": 226.7, "9.8": 226.7, "9.9": 226.7,
    "10.0": 226.7, "10.1": 226.7, "10.2": 226.7, "10.3": 226.7, "10.4": 226.7,
    "10.5": 226.7, "10.6": 226.7, "10.7": 226.7, "10.8": 226.7, "10.9": 226.7,
    "11.0": 226.7
  },
  "a1c_to_post_prandial": {
    "6.5": 140.0, "6.6": 143.0, "6.7": 146.0, "6.8": 149.0, "6.9": 151.0,
    "7.0": 154.0, "7.1": 157.0, "7.2": 160.0, "7.3": 163.0, "7.4": 166.0,
    "7.5": 169.0, "7.6": 171.0, "7.7": 174.0, "7.8": 177.0, "7.9": 180.0,
    "8.0": 183.0, "8.1": 186.0, "8.2": 189.0, "8.3": 192.0, "8.4": 194.0,
    "8.5": 197.0, "8.6": 200.0, "8.7": 203.0, "8.8": 206.0, "8.9": 209.0,
    "9.0": 215.0, "9.1": 215.0, "9.2": 218.0, "9.3": 220.0, "9.4": 223.0,
    "9.5": 226.0, "9.6": 229.0, "9.7": 232.0, "9.8": 235.0, "9.9": 237.0,
    "10.0": 240.0, "10.1": 243.0, "10.2": 246.0, "10.3": 249.0, "10.4": 252.0,
    "10.5": 255.0, "10.6": 258.0, "10.7": 260.0, "10.8": 263.0, "10.9": 266.0,
    "11.0": 269.0
  },
  "potency_by_class": {
    "Basal Insulin": { "fasting": 100, "post_prandial": 40 },
    "Sulfonylurea": { "fasting": 70, "post_prandial": 40 },
    "Metformin": { "fasting": 60, "post_prandial": 60 },
    "SGLT2": { "fasting": 25, "post_prandial": 10 },
    "GLP1": { "fasting": 15, "post_prandial": 75 },
    "TZD": { "fasting": 15, "post_prandial": 65 },
    "DPP4": { "fasting": 5, "post_prandial": 50 },
    "Bolus Insulin": { "fasting": 0, "post_prandial": 100 },
    "Pramlintide": { "fasting": 0, "post_prandial": 0 }
  },
  "potency_on_therapy_by_class": {
    "Metformin": { "fasting": 30, "post_prandial": 30 },
    "SGLT2": { "fasting": 15, "post_prandial": 0 },
    "DPP4": { "fasting": 0, "post_prandial": 25 },
    "GLP1": { "fasting": 15, "post_prandial": 40 },
    "Sulfonylurea": { "fasting": 35, "post_prandial": 20 },
    "TZD": { "fasting": 8, "post_prandial": 35 },
    "Basal Insulin": { "fasting": 100, "post_prandial": 40 },
    "Bolus Insulin": { "fasting": 0, "post_prandial": 100 },
    "Pramlintide": { "fasting": 0, "post_prandial": 0 }
  },
  "description": "Goal 3: Potency check (can drug lower fasting/post_prandial to target?). Aligned with Glucose Screening CSV and Drug Potency Config. potency_on_therapy = Dose Increase values when patient on current therapy."
}
